Transaction_Date,Gender,Age_Group,Transaction_City,Merchant_Type,Card_Type,Device_Os,Amount,V1,V2,V3,V4,V5,V6,V7,V8,V9,V10,V11,V12,V13,V14,V15,V16,V17,V18,V19,V20,V21,V22,V23,V24,V25,V26,V27,V28,Is_Fraudulent,Year,Month,Quater,City,Latitude,Longitude,Transaction_ID
08/12/2023,Female,Over 45,Sialkot,Travel,JazzCash,iOS,149.62,-0.920373384,-0.072781173,1.027204364,0.74334129,-0.33832077,0.398528583,0.239598554,0.098697901,0.36378697,0.090794172,-0.551599533,-0.405578517,-0.648539299,-0.311169354,0.64882516,-0.468068625,0.207971242,0.02579058,0.40399296,0.133050554,-0.018306778,0.277837576,-0.11047391,0.066928075,0.128539358,-0.189114844,0.09104512,-0.021053053,0,2023,December,4,Sialkot,32.4927,74.5319,TXN000001
22/09/2022,Other,25 to 30,Hyderabad,Retail,UBL Omni,Android,2.69,1.191857111,0.266150712,0.166480113,0.448154078,0.060017649,-0.082360809,-0.078802983,0.085101655,-0.255425128,-0.166974414,0.7395864,0.618238033,0.489095016,-0.143772296,0.635558093,0.463917041,-0.114804663,-0.18336127,-0.145783041,-0.069083135,-0.225775248,-0.542337666,0.101288021,-0.339846476,0.167170404,0.125894532,-0.008983099,0.014724169,1,2025,September,3,Hyderabad,25.396,68.3778,TXN000002
07/07/2021,Other,31 to 35,Hyderabad,Retail,Debit Card,Windows,378.66,-0.920373384,-0.598558667,1.027204364,0.379779593,-0.503198133,0.398528583,0.570436073,0.247675787,-0.643099337,0.207642865,0.624501459,0.066083685,0.66250496,-0.165945923,0.64882516,-0.468068625,0.399680439,-0.121359313,-0.456322926,0.133050554,0.186377204,0.528572126,0.14764246,-0.354567807,-0.317145054,-0.139096572,-0.055352794,-0.052959793,1,2021,July,3,Hyderabad,25.396,68.3778,TXN000003
14/10/2023,Female,25 to 30,Karachi,Entertainment,Debit Card,Android,123.5,-0.920373384,-0.185226008,1.027204364,-0.848648052,-0.01030888,0.398528583,0.23760894,0.327345862,-0.643099337,-0.054951922,-0.226487264,0.178228226,0.50775687,-0.287923745,-0.582888033,-0.468068625,-0.483743692,0.500810166,-0.456322926,-0.208037781,-0.108300452,0.005273597,-0.161846345,-0.354567807,0.350714567,-0.221928844,0.062722849,0.061457629,0,2023,October,4,Karachi,24.8607,67.0011,TXN000004
08/12/2023,Other,Over 45,Faisalabad,Entertainment,EasyPaisa,iOS,69.99,-0.920373384,0.803713183,1.027204364,0.403033934,-0.407193377,0.095921462,0.570436073,-0.208622403,0.597139031,0.453923445,-0.762494196,0.53819555,0.66250496,-0.42555867,0.17512113,-0.451449183,-0.237033239,-0.038194787,0.458949356,0.133050554,-0.009430697,0.528572126,-0.13745808,0.141266984,-0.206009588,0.240959462,0.09104512,0.07827879,0,2025,December,4,Faisalabad,31.4504,73.135,TXN000005
26/10/2022,Female,Over 45,Peshawar,Travel,Debit Card,iOS,149.62,-0.920373384,-0.072781173,1.027204364,0.74334129,-0.33832077,0.398528583,0.239598554,0.098697901,0.36378697,0.090794172,-0.551599533,-0.405578517,-0.648539299,-0.311169354,0.64882516,-0.468068625,0.207971242,0.02579058,0.40399296,0.133050554,-0.018306778,0.277837576,-0.11047391,0.066928075,0.128539358,-0.189114844,0.09104512,-0.021053053,0,2021,October,4,Peshawar,34.0151,71.5249,TXN000006
31/12/2022,Other,25 to 30,Multan,Retail,Credit Card,Android,2.69,1.191857111,0.266150712,0.166480113,0.448154078,0.060017649,-0.082360809,-0.078802983,0.085101655,-0.255425128,-0.166974414,0.7395864,0.618238033,0.489095016,-0.143772296,0.635558093,0.463917041,-0.114804663,-0.18336127,-0.145783041,-0.069083135,-0.225775248,-0.542337666,0.101288021,-0.339846476,0.167170404,0.125894532,-0.008983099,0.014724169,1,2025,December,4,Multan,30.1575,71.5249,TXN000007
22/01/2023,Other,31 to 35,Multan,Retail,Debit Card,Windows,378.66,-0.920373384,-0.598558667,1.027204364,0.379779593,-0.503198133,0.398528583,0.570436073,0.247675787,-0.643099337,0.207642865,0.624501459,0.066083685,0.66250496,-0.165945923,0.64882516,-0.468068625,0.399680439,-0.121359313,-0.456322926,0.133050554,0.186377204,0.528572126,0.14764246,-0.354567807,-0.317145054,-0.139096572,-0.055352794,-0.052959793,0,2022,January,1,Multan,30.1575,71.5249,TXN000008
24/02/2022,Female,25 to 30,Rawalpindi,Entertainment,Debit Card,Android,123.5,-0.920373384,-0.185226008,1.027204364,-0.848648052,-0.01030888,0.398528583,0.23760894,0.327345862,-0.643099337,-0.054951922,-0.226487264,0.178228226,0.50775687,-0.287923745,-0.582888033,-0.468068625,-0.483743692,0.500810166,-0.456322926,-0.208037781,-0.108300452,0.005273597,-0.161846345,-0.354567807,0.350714567,-0.221928844,0.062722849,0.061457629,0,2025,February,1,Rawalpindi,33.6007,73.0679,TXN000009
03/10/2022,Other,Over 45,Rawalpindi,Entertainment,Debit Card,iOS,69.99,-0.920373384,0.803713183,1.027204364,0.403033934,-0.407193377,0.095921462,0.570436073,-0.208622403,0.597139031,0.453923445,-0.762494196,0.53819555,0.66250496,-0.42555867,0.17512113,-0.451449183,-0.237033239,-0.038194787,0.458949356,0.133050554,-0.009430697,0.528572126,-0.13745808,0.141266984,-0.206009588,0.240959462,0.09104512,0.07827879,0,2024,October,4,Rawalpindi,33.6007,73.0679,TXN000010
13/05/2021,Other,20 to 25,Karachi,Entertainment,UBL Omni,Windows,7.8,1.315641694,-0.598558667,0.913859833,-0.848648052,-0.691597071,-0.629152139,-0.554075879,0.048455888,-0.643099337,0.453923445,0.7395864,-0.405578517,-0.513947153,-0.095045045,0.230930409,0.031967467,0.253414716,0.500810166,-0.221365414,-0.211720762,-0.009301897,0.313894411,0.027740158,0.439525092,0.251367359,-0.129477954,0.042849871,0.016253262,1,2024,May,2,Karachi,24.8607,67.0011,TXN000011
25/02/2021,Male,36 to 45,Peshawar,Retail,JazzCash,Windows,9.99,0.384978215,0.616109459,-0.874299703,-0.094018626,0.611892869,0.398528583,0.470454672,0.327345862,-0.558894612,0.309755394,-0.259115564,-0.326143234,-0.090046723,0.362832369,0.64882516,-0.129486811,-0.483743692,0.35998539,0.458949356,0.125991576,0.049923686,0.238421512,0.009129869,0.439525092,-0.317145054,-0.326978677,0.042472442,-0.052959793,0,2022,February,1,Peshawar,34.0151,71.5249,TXN000012
22/09/2023,Male,Over 45,Sialkot,Retail,UBL Omni,Windows,121.5,1.249998742,-0.598558667,0.383930151,-0.848648052,-0.691597071,-0.753230165,-0.554075879,-0.208622403,-0.643099337,0.453923445,0.227666231,-0.242681999,0.66250496,-0.317630527,0.64882516,-0.468068625,0.399680439,-0.498849779,-0.456322926,-0.102755942,-0.228389811,-0.48328533,0.084667691,0.392830885,0.161134554,-0.326978677,0.026415549,0.042422089,0,2025,September,3,Sialkot,32.4927,74.5319,TXN000013
23/05/2023,Male,36 to 45,Peshawar,Entertainment,JazzCash,Android,27.5,1.069373588,0.287722129,0.828612727,0.74334129,-0.178398016,0.33754373,-0.096716862,0.115981736,-0.221082566,0.453923445,-0.762494196,0.323387245,-0.011075887,-0.178485175,-0.582888033,-0.199925171,0.124005415,-0.498849779,-0.456322926,-0.153197231,-0.036875532,0.074412403,-0.071407433,0.104743753,0.350714567,0.104094153,0.021491058,0.021293311,0,2021,May,2,Peshawar,34.0151,71.5249,TXN000014
10/08/2021,Male,Over 45,Islamabad,Travel,JazzCash,Windows,58.8,-0.920373384,-0.327770757,1.027204364,0.74334129,-0.136588446,0.398528583,-0.42291139,-0.208622403,0.597139031,0.453923445,0.7395864,0.618238033,0.370448093,-0.42555867,0.40679571,-0.303057624,-0.155868715,0.500810166,0.458949356,-0.211720762,0.186377204,0.222181966,0.14764246,0.028316651,-0.232746324,-0.235557218,-0.070839373,-0.030153637,1,2022,August,3,Islamabad,33.6844,73.0479,TXN000015
18/03/2023,Male,31 to 35,Quetta,Travel,EasyPaisa,Windows,15.99,-0.752417043,0.345485415,1.027204364,-0.848648052,-0.691597071,-0.077849829,-0.554075879,0.003603484,-0.436166984,0.453923445,-0.762494196,-0.405578517,0.66250496,-0.42555867,0.64882516,0.523284897,-0.279265373,-0.419994141,0.432535349,0.133050554,0.186377204,0.528572126,-0.161846345,-0.065083708,-0.039124354,-0.087086473,-0.070839373,0.07827879,0,2023,March,1,Quetta,30.1798,66.975,TXN000016
22/01/2022,Male,31 to 35,Karachi,Entertainment,JazzCash,Windows,12.99,1.103215435,-0.040296215,1.027204364,0.74334129,-0.691597071,0.288069163,-0.554075879,0.189379714,0.597139031,-0.267975067,-0.45031128,0.618238033,0.66250496,-0.42555867,0.354574063,-0.246634656,-0.009212378,-0.498849779,-0.456322926,-0.113910177,-0.024612006,0.196001953,0.013801654,0.103758331,0.350714567,-0.326978677,0.09104512,0.037050517,0,2021,January,1,Karachi,24.8607,67.0011,TXN000017
11/09/2023,Male,31 to 35,Quetta,Retail,Credit Card,iOS,0.89,-0.436905071,0.803713183,0.924590774,-0.727219054,0.611892869,-0.127867352,0.570436073,0.087962355,-0.643099337,-0.535425727,0.324097813,0.277192107,0.252624256,-0.29189646,-0.184520169,0.523284897,-0.483743692,0.500810166,0.025436462,-0.047021282,-0.194795824,-0.542337666,-0.156857514,-0.354567807,-0.317145054,-0.049026729,0.079692399,0.07827879,0,2024,September,3,Quetta,30.1798,66.975,TXN000018
12/01/2021,Male,25 to 30,Faisalabad,Travel,JazzCash,iOS,46.8,-0.920373384,-0.598558667,1.027204364,0.74334129,0.611892869,-0.768293609,-0.554075879,0.160841747,0.597139031,0.345172827,0.7395864,0.618238033,-0.266567765,-0.42555867,-0.526608503,0.472004112,-0.483743692,0.075081352,-0.406866573,-0.211720762,-0.228389811,0.528572126,0.14764246,0.042118897,-0.317145054,-0.326978677,0.09104512,0.07827879,0,2021,January,1,Faisalabad,31.4504,73.135,TXN000019
31/08/2023,Male,25 to 30,Lahore,Travel,Debit Card,iOS,5,1.315641694,-0.598558667,0.454794734,-0.848648052,-0.691597071,-0.720961147,-0.554075879,-0.053127118,-0.643099337,0.453923445,0.7395864,-0.405578517,-0.416957167,0.052010515,-0.042978923,-0.166432496,0.304241419,0.500810166,0.054229515,-0.211720762,-0.177649846,-0.175073809,0.040002219,0.295813863,0.332930599,-0.220384851,0.022298436,0.007602256,0,2023,August,3,Lahore,31.5497,74.3436,TXN000020
15/06/2023,Male,25 to 30,Sialkot,Travel,EasyPaisa,iOS,231.71,0.694884776,-0.598558667,1.027204364,0.74334129,-0.691597071,0.398528583,-0.554075879,0.327345862,-0.446195832,0.453923445,0.7395864,0.618238033,0.420480265,-0.372650997,-0.582888033,-0.468068625,0.399680439,0.500810166,-0.456322926,-0.13833394,-0.228389811,-0.542337666,-0.050880701,-0.304214501,0.072001006,-0.326978677,0.086553398,0.063498649,1,2025,June,2,Sialkot,32.4927,74.5319,TXN000021
30/03/2021,Male,25 to 30,Peshawar,Retail,Credit Card,Windows,34.09,0.96249607,0.328461026,-0.171479054,0.74334129,0.611892869,0.398528583,0.107711607,0.327345862,-0.643099337,0.453923445,0.7395864,0.406773576,-0.648539299,0.493149849,0.64882516,-0.468068625,0.399680439,-0.498849779,-0.456322926,-0.211720762,0.143997423,0.402491661,-0.048508221,-0.354567807,0.350714567,0.199963658,0.016370643,-0.014605328,0,2022,March,1,Peshawar,34.0151,71.5249,TXN000022
24/05/2021,Male,25 to 30,Hyderabad,Travel,EasyPaisa,Android,2.28,1.166616382,0.502120088,-0.067300314,0.74334129,0.428804195,0.089473517,0.24114658,0.138081705,-0.643099337,0.453923445,0.7395864,-0.405578517,-0.648539299,0.493149849,0.003075323,0.424424506,-0.454475292,-0.098870627,-0.456322926,-0.211720762,0.018701872,-0.061972267,-0.103854922,-0.354567807,0.350714567,0.108555873,-0.040520706,-0.011417815,0,2025,May,2,Hyderabad,25.396,68.3778,TXN000023
22/01/2023,Male,25 to 30,Multan,Travel,JazzCash,iOS,22.75,0.247491128,0.277665627,1.027204364,-0.09260255,-0.691597071,-0.150115998,-0.554075879,-0.208622403,0.597139031,-0.535425727,-0.583199527,0.524933232,-0.453375297,0.081393088,0.64882516,-0.468068625,0.399680439,0.436621214,0.458949356,-0.211720762,0.186377204,0.200454091,-0.161846345,0.423073148,0.350714567,-0.227631864,0.09104512,0.07827879,0,2023,January,1,Multan,30.1575,71.5249,TXN000024
31/12/2023,Male,25 to 30,Quetta,Retail,JazzCash,Android,0.89,-0.920373384,-0.044900505,-0.405570068,-0.848648052,0.611892869,0.398528583,-0.063063147,0.327345862,0.0499669,0.453923445,-0.081256515,-0.215745003,0.044160628,0.033897757,0.64882516,0.523284897,-0.483743692,0.044062818,0.458949356,-0.211720762,-0.228389811,-0.542337666,0.14764246,0.439525092,0.321201133,0.149649877,0.09104512,0.014599752,0,2021,December,4,Quetta,30.1798,66.975,TXN000025
24/02/2022,Other,25 to 30,Rawalpindi,Travel,Credit Card,Android,26.43,-0.920373384,-0.121481799,1.027204364,0.410007514,0.295197546,-0.768293609,0.543985491,-0.104626728,0.475664018,0.149450615,-0.762494196,-0.180523156,-0.648539299,-0.279796856,-0.211667955,-0.33332061,0.010751094,-0.488472666,0.458949356,-0.211720762,-0.228389811,-0.227404004,0.14764246,0.398534855,0.249212161,0.240959462,0.09104512,0.07827879,0,2025,February,1,Rawalpindi,33.6007,73.0679,TXN000026
16/11/2023,Other,25 to 30,Rawalpindi,Entertainment,UBL Omni,Android,41.88,1.17328461,0.353497877,0.283905065,0.74334129,-0.172577182,-0.768293609,0.369024845,-0.208622403,-0.246651028,-0.046139302,-0.143418527,0.618238033,0.66250496,0.101417526,0.64882516,-0.014584082,-0.483743692,-0.325056355,-0.390933798,0.027877909,0.067003304,0.227811928,-0.150487225,0.435045103,0.350714567,-0.326978677,0.016368379,0.030041191,0,2023,November,4,Rawalpindi,33.6007,73.0679,TXN000027
31/12/2021,Female,25 to 30,Lahore,Entertainment,EasyPaisa,Android,16,1.315641694,-0.174040833,0.434555031,0.576037652,-0.691597071,-0.768293609,-0.264904961,-0.208622403,-0.643099337,0.453923445,-0.64150629,-0.111315775,0.36148541,0.171945122,0.64882516,-0.468068625,-0.216935153,0.500810166,-0.456322926,-0.211720762,-0.228389811,-0.323357411,-0.037709905,0.347150939,0.350714567,-0.280158166,0.042335258,0.0288223,1,2023,December,4,Lahore,31.5497,74.3436,TXN000028
05/11/2023,Other,25 to 30,Karachi,Travel,UBL Omni,Android,33,-0.41428881,0.803713183,1.027204364,0.74334129,0.007442741,-0.200330677,0.570436073,-0.0292474,-0.593392019,-0.346188231,-0.012142188,0.618238033,0.635953883,-0.086324472,0.076803687,-0.468068625,0.399680439,-0.498849779,0.458949356,0.097307591,0.077237434,0.457330599,-0.038499725,0.439525092,-0.183891335,-0.277464019,0.09104512,0.07827879,0,2022,November,4,Karachi,24.8607,67.0011,TXN000029
24/05/2021,Female,25 to 30,Rawalpindi,Travel,Credit Card,iOS,12.99,1.059387115,-0.175319187,1.027204364,0.74334129,-0.691597071,0.398528583,-0.554075879,0.327345862,0.597139031,-0.064737556,0.7395864,0.618238033,-0.542001579,-0.039914502,-0.218683248,0.004475682,-0.193554039,0.042387962,-0.277833721,-0.178023367,0.013676294,0.21373361,0.014461849,0.00295086,0.294638015,-0.326978677,0.081461117,0.024220349,0,2022,May,2,Rawalpindi,33.6007,73.0679,TXN000030
13/02/2023,Male,25 to 30,Rawalpindi,Retail,Debit Card,Android,17.28,1.23742903,0.061042584,0.38052588,0.74334129,-0.35977071,-0.49408415,0.006494218,-0.13386238,0.438809737,-0.207358046,-0.762494196,0.527106061,0.348675901,-0.152535139,-0.21838563,-0.191551818,-0.116580603,-0.498849779,0.348415801,-0.066351335,-0.228389811,-0.530900256,-0.044265397,0.079168029,0.350714567,0.240959462,-0.022704982,0.011836231,0,2025,February,1,Rawalpindi,33.6007,73.0679,TXN000031
14/10/2022,Other,25 to 30,Rawalpindi,Retail,EasyPaisa,Windows,4.45,1.114008595,0.08554609,0.493702487,0.74334129,-0.300188551,-0.010753783,-0.118760015,0.188616696,0.205686849,0.082262259,0.7395864,0.618238033,-0.648539299,0.493149849,-0.582888033,-0.468068625,0.158256198,-0.398751479,-0.145708909,-0.211720762,-0.05323366,-0.004760151,-0.03147017,0.198053718,0.350714567,-0.326978677,0.029057402,0.004452631,0,2024,October,4,Rawalpindi,33.6007,73.0679,TXN000032
05/11/2023,Other,25 to 30,Rawalpindi,Entertainment,UBL Omni,Android,6.14,-0.529912284,0.803713183,1.027204364,0.145456677,0.414208858,0.100223094,0.570436073,0.176065957,-0.286716935,-0.484687683,0.7395864,0.618238033,-0.571745303,0.100974273,-0.582888033,-0.284375978,-0.310523585,-0.404247869,-0.456322926,-0.211720762,0.046949067,0.208104855,-0.161846345,0.00103066,0.098815701,-0.326978677,-0.070839373,0.023307045,0,2024,November,4,Rawalpindi,33.6007,73.0679,TXN000033
06/11/2021,Other,25 to 30,Islamabad,Entertainment,Debit Card,Android,6.14,-0.529912284,0.803713183,1.027204364,0.145456677,0.414208858,0.100223094,0.570436073,0.176065957,-0.286716935,-0.484687683,0.7395864,0.618238033,-0.571745303,0.100974273,-0.582888033,-0.284375978,-0.310523585,-0.404247869,-0.456322926,-0.211720762,0.046949067,0.208104855,-0.161846345,0.00103066,0.098815701,-0.326978677,-0.070839373,0.023307045,1,2023,November,4,Islamabad,33.6844,73.0479,TXN000034
10/04/2022,Other,25 to 30,Quetta,Entertainment,Debit Card,Android,1.77,-0.535387763,0.803713183,1.027204364,0.147575474,0.433680212,0.086982938,0.570436073,0.179742261,-0.285641861,-0.482474471,0.7395864,0.618238033,-0.571821891,0.102252103,-0.582888033,-0.285912497,-0.309633387,-0.403901993,-0.456322926,-0.211720762,0.049525687,0.206536543,-0.161846345,0.000753014,0.098116606,-0.326978677,-0.070839373,0.025427378,0,2022,April,2,Quetta,30.1798,66.975,TXN000035
10/04/2021,Other,25 to 30,Lahore,Travel,UBL Omni,Android,1.77,-0.535387763,0.803713183,1.027204364,0.147575474,0.433680212,0.086982938,0.570436073,0.179742261,-0.285641861,-0.482474471,0.7395864,0.618238033,-0.571821891,0.102252103,-0.582888033,-0.285912497,-0.309633387,-0.403901993,-0.456322926,-0.211720762,0.049525687,0.206536543,-0.161846345,0.000753014,0.098116606,-0.326978677,-0.070839373,0.025427378,0,2025,April,2,Lahore,31.5497,74.3436,TXN000036
26/10/2022,Female,25 to 30,Sialkot,Travel,Debit Card,Android,30.49,-0.246045949,0.473266903,1.027204364,0.262411488,-0.010866414,-0.610835935,0.570436073,-0.208622403,0.138879114,-0.401007068,-0.762494196,-0.183524462,-0.630112887,-0.286217451,-0.337046324,-0.428105474,-0.030602108,-0.498849779,0.355180278,0.045721127,-0.194599935,-0.335132726,-0.078179606,0.392783892,-0.031157147,0.198036799,-0.070839373,-0.052959793,0,2022,October,4,Sialkot,32.4927,74.5319,TXN000037
16/11/2023,Male,25 to 30,Sialkot,Travel,EasyPaisa,iOS,1.8,-0.920373384,0.803713183,0.611668541,0.74334129,-0.445979892,0.246826452,-0.257566156,0.327345862,-0.607524461,0.047155553,0.7395864,0.618238033,-0.268094206,0.493149849,-0.524367354,-0.468068625,0.399680439,-0.118368787,0.458949356,0.008713334,0.082279817,0.325782191,-0.069107391,0.020961997,-0.044668488,-0.243441392,0.09104512,0.07827879,0,2022,November,4,Sialkot,32.4927,74.5319,TXN000038
31/08/2023,Male,25 to 30,Faisalabad,Retail,Debit Card,Windows,20.53,0.996369532,-0.122588787,0.546819473,0.706579541,0.134559557,0.398528583,-0.294561331,0.327345862,0.337862664,-0.408150493,0.682646124,0.618238033,0.391917044,-0.037510858,0.64882516,-0.468068625,0.399680439,-0.498849779,-0.456322926,-0.20346121,-0.076301837,0.108866913,0.14764246,-0.354567807,0.109794915,0.240959462,0.050552197,0.005105559,0,2021,August,3,Faisalabad,31.4504,73.135,TXN000039
15/06/2023,Other,25 to 30,Quetta,Retail,UBL Omni,Windows,6.54,1.110880342,0.168716771,0.51714396,0.74334129,-0.191573354,0.019503723,-0.031849108,0.11761992,0.017664721,0.044864791,0.7395864,0.618238033,-0.252267066,0.274457682,-0.582888033,-0.468068625,0.087451074,-0.498849779,-0.154749355,-0.190119711,-0.037708654,0.095701462,-0.048197647,0.232114939,0.350714567,-0.326978677,0.036769605,0.007479961,0,2021,June,2,Quetta,30.1798,66.975,TXN000040
03/02/2021,Male,25 to 30,Hyderabad,Retail,JazzCash,Windows,29.89,1.24905472,-0.598558667,-0.710588904,-0.848648052,0.611892869,0.398528583,-0.554075879,0.327345862,0.597139031,-0.307081112,-0.456245308,0.22998135,-0.0169131,-0.220846086,0.362417699,0.315222304,-0.483743692,0.118994619,0.458949356,0.097852692,-0.006292714,0.009200225,-0.129463201,0.439525092,0.350714567,0.240959462,-0.048220435,0.005093622,1,2025,February,1,Hyderabad,25.396,68.3778,TXN000041
31/12/2023,Other,25 to 30,Lahore,Travel,EasyPaisa,Android,2.35,-0.920373384,0.803713183,0.14424174,0.74334129,-0.691597071,0.182288271,-0.554075879,0.327345862,-0.586832286,0.129875751,0.658479448,0.618238033,-0.206518166,0.493149849,-0.54941351,-0.468068625,0.399680439,-0.09565956,0.458949356,0.028740125,0.094917307,0.294982704,0.011081384,0.015249372,0.034210636,-0.236141102,0.09104512,0.07827879,0,2022,December,4,Lahore,31.5497,74.3436,TXN000042
03/10/2022,Female,25 to 30,Hyderabad,Retail,JazzCash,Android,14.8,-0.607877143,0.803713183,1.027204364,0.74334129,0.41859226,0.119168119,0.570436073,-0.176267419,-0.243501348,0.14845549,-0.387003094,0.398299277,0.481916748,-0.365439093,0.235544572,-0.468068625,0.399680439,-0.498849779,0.458949356,0.133050554,-0.087329191,0.25831528,-0.161846345,0.118282367,0.173508081,-0.217041287,0.09104512,-0.033041296,1,2025,October,4,Hyderabad,25.396,68.3778,TXN000043
30/03/2021,Male,Over 45,Peshawar,Travel,UBL Omni,Android,9.1,-0.920373384,0.170415774,1.027204364,-0.848648052,-0.305594036,0.011577039,-0.296178451,0.327345862,-0.040471746,-0.535425727,0.7395864,0.618238033,0.415429902,-0.233899925,0.452335832,0.523284897,-0.483743692,0.338821622,-0.456322926,-0.00541945,0.186377204,0.528572126,-0.158325436,0.295505486,-0.259369648,0.240959462,0.04666377,0.07827879,0,2025,March,1,Peshawar,34.0151,71.5249,TXN000044
15/06/2022,Other,36 to 45,Multan,Entertainment,Debit Card,Android,15.99,-0.762255666,0.127767752,1.027204364,-0.848648052,-0.691597071,-0.268714889,-0.419863597,0.146233407,-0.643099337,-0.038651669,-0.686124387,-0.405578517,0.66250496,-0.42555867,0.64882516,0.523284897,-0.458413549,-0.498849779,-0.29510264,0.133050554,0.186377204,0.528572126,-0.161846345,0.094945523,0.350714567,-0.09068468,0.09104512,0.07827879,0,2025,June,2,Multan,30.1575,71.5249,TXN000045
21/04/2022,Male,31 to 35,Sialkot,Entertainment,JazzCash,Android,15.99,1.138315566,0.05695597,0.649418965,0.74334129,-0.468466331,-0.410194552,-0.013897554,-0.072439609,0.306787909,-0.269952637,-0.002601848,0.618238033,0.66250496,-0.188353421,-0.075661963,-0.468068625,0.381219103,-0.498849779,-0.273701149,-0.078354633,-0.164222415,-0.247400539,0.059405065,0.439525092,0.350714567,0.240959462,-0.002498362,0.017108847,1,2024,April,2,Sialkot,32.4927,74.5319,TXN000046
04/06/2022,Female,Over 45,Lahore,Travel,Debit Card,Android,15.99,-0.291540245,0.445575314,1.027204364,-0.848648052,0.085755559,-0.121924299,0.407715857,0.095309378,0.597139031,-0.535425727,-0.762494196,0.05653255,-0.05895353,0.151922602,0.64882516,-0.443295054,-0.318251412,0.064787167,0.458949356,-0.033522345,-0.064906147,-0.120448982,-0.156525634,-0.354567807,-0.000620392,-0.326978677,0.09104512,0.06289627,0,2022,June,2,Lahore,31.5497,74.3436,TXN000047
02/05/2021,Other,20 to 25,Hyderabad,Travel,EasyPaisa,Android,15.99,0.201685891,0.497483215,1.027204364,0.571405318,-0.63065775,-0.539659124,-0.076270291,-0.208622403,0.270008406,-0.480280682,-0.51253274,0.618238033,0.089923037,-0.157405057,-0.582888033,-0.468068625,0.225388796,-0.498849779,-0.023599421,-0.211720762,0.186377204,-0.17187687,-0.161846345,0.439525092,0.350714567,0.240959462,0.09104512,0.07827879,0,2021,May,2,Hyderabad,25.396,68.3778,TXN000048
24/02/2023,Male,31 to 35,Quetta,Entertainment,EasyPaisa,Android,15.99,1.315641694,-0.598558667,0.778224191,-0.848648052,-0.691597071,0.351296174,-0.554075879,0.052685634,-0.304404039,0.453923445,-0.762494196,0.042559512,0.66250496,-0.42555867,0.64882516,-0.272049583,-0.483743692,0.500810166,-0.456322926,-0.211720762,-0.228389811,-0.12352242,-0.131025122,-0.354567807,0.181379006,0.240959462,0.000531332,0.019910623,0,2025,February,1,Quetta,30.1798,66.975,TXN000049
18/07/2021,Female,31 to 35,Islamabad,Travel,JazzCash,Android,15.99,-0.920373384,0.803713183,1.027204364,0.74334129,0.002306126,0.045901581,0.514120897,0.241252403,-0.154499951,0.280672622,-0.531948028,0.589857529,0.555086956,-0.116357329,0.165886171,-0.468068625,0.399680439,-0.498849779,0.458949356,0.133050554,-0.05722847,0.314152998,-0.129862928,0.114283708,-0.027812477,-0.259937016,0.09104512,-0.008956298,1,2021,July,3,Islamabad,33.6844,73.0479,TXN000050
18/07/2023,Male,20 to 25,Multan,Retail,Debit Card,Android,15.99,1.199355934,0.129953155,0.863584971,0.74334129,-0.691597071,-0.768293609,-0.040743276,-0.208068512,0.392477872,-0.2481779,-0.095362752,0.618238033,0.66250496,-0.409346352,-0.577994105,-0.468068625,0.21234268,-0.498849779,-0.020652885,-0.072620126,-0.042468086,0.198474052,-0.033009975,0.439525092,0.350714567,0.240959462,-0.005864656,0.017936032,0,2021,July,3,Multan,30.1575,71.5249,TXN000051
07/03/2023,Female,31 to 35,Multan,Travel,UBL Omni,Windows,15.99,-0.920373384,-0.598558667,-0.038038829,0.74334129,-0.691597071,0.398528583,0.570436073,-0.208622403,-0.278736461,-0.230872923,0.145155263,-0.06315605,-0.648539299,-0.341956368,-0.582888033,0.510510185,0.092428106,0.500810166,0.458949356,-0.001979978,0.186377204,-0.381671395,0.14764246,0.019444796,0.350714567,0.240959462,0.09104512,-0.052959793,0,2022,March,1,Multan,30.1575,71.5249,TXN000052
21/04/2022,Female,36 to 45,Quetta,Retail,JazzCash,Windows,15.99,-0.920373384,0.803713183,1.027204364,0.74334129,-0.103809889,0.12203478,0.264451377,-0.108766589,-0.181976611,0.453923445,0.45631689,-0.09776271,-0.346158686,0.210182391,0.64882516,-0.468068625,0.399680439,-0.498849779,0.458949356,-0.120560178,0.024497904,-0.120153158,0.14764246,0.087535763,-0.317145054,0.226700389,-0.070839373,0.07827879,1,2022,April,2,Quetta,30.1798,66.975,TXN000053
03/02/2021,Female,20 to 25,Lahore,Entertainment,JazzCash,iOS,15.99,1.095524606,-0.116085346,1.027204364,0.74334129,-0.691597071,0.072838535,-0.554075879,0.287532473,0.597139031,-0.149144653,-0.508291669,-0.027840903,-0.648539299,-0.062404467,0.505750536,-0.209298471,0.207536534,-0.471334707,-0.456322926,-0.211720762,-0.033234172,0.093261885,0.089498395,0.361261298,0.250962948,-0.326978677,0.0810239,0.034226938,0,2021,February,1,Lahore,31.5497,74.3436,TXN000054
07/07/2023,Other,31 to 35,Quetta,Retail,Debit Card,Windows,15.99,1.295667621,0.341483451,0.081505199,0.56674607,-0.110458773,-0.766324793,0.073154903,-0.168304138,0.07183711,-0.281043994,-0.549533939,0.049093162,0.303950023,-0.316750192,0.64882516,0.523284897,-0.199763166,-0.122051064,0.004516182,-0.065983383,-0.228389811,-0.542337666,0.063808806,-0.193565115,0.287574218,0.127880985,-0.023731193,0.025199673,0,2022,July,3,Quetta,30.1798,66.975,TXN000055
01/05/2023,Male,25 to 30,Karachi,Retail,EasyPaisa,Windows,21.76,0.158331782,0.803713183,0.965524582,0.74334129,0.139021981,0.1108631,0.559079186,-0.029070932,-0.394912254,0.03267448,-0.5009189,0.618238033,0.66250496,-0.047655469,0.348217617,-0.468068625,0.399680439,-0.498849779,0.458949356,0.089837783,0.116269966,0.528572126,0.12111283,0.116142168,-0.317145054,-0.303369145,0.09104512,0.07827879,1,2021,May,2,Karachi,24.8607,67.0011,TXN000056
11/01/2022,Other,36 to 45,Multan,Travel,JazzCash,Android,120.96,-0.554064565,0.215728298,0.844264629,-0.753067316,0.03484847,-0.558597248,0.570436073,-0.203873232,0.262393622,-0.535425727,-0.09487988,0.618238033,0.66250496,0.1447522,0.64882516,-0.468068625,0.399680439,-0.498849779,0.458949356,0.133050554,0.186377204,0.528572126,-0.005700602,0.147346442,0.245651952,-0.326978677,0.09104512,0.07827879,0,2022,January,1,Multan,30.1575,71.5249,TXN000057
30/03/2022,Male,Over 45,Lahore,Retail,UBL Omni,Windows,13.84,-0.920373384,0.267540227,-0.168469574,-0.701232148,0.611892869,0.398528583,-0.059394352,0.327345862,-0.017778824,-0.165753218,-0.762494196,-0.015636283,-0.35662599,-0.041200001,-0.582888033,0.030533314,-0.483743692,-0.015159683,-0.152824068,-0.113875191,-0.151042302,-0.311726353,-0.161846345,0.439525092,0.350714567,-0.326978677,0.09104512,0.07827879,1,2025,March,1,Lahore,31.5497,74.3436,TXN000058
29/07/2023,Female,31 to 35,Faisalabad,Travel,Credit Card,Android,13.84,1.110692004,0.081941901,0.406063037,0.74334129,-0.169813148,0.120955383,-0.080845205,0.174373085,0.152070726,0.065266723,0.7395864,0.618238033,-0.648539299,0.422995452,-0.582888033,-0.468068625,0.058531448,-0.383627226,-0.074067698,-0.211720762,-0.056023985,-0.011603086,-0.070482892,0.004345191,0.350714567,-0.326978677,0.029889689,0.004944296,0,2023,July,3,Faisalabad,31.4504,73.135,TXN000059
19/03/2022,Other,25 to 30,Hyderabad,Travel,EasyPaisa,Android,2.67,1.154312117,0.265462317,0.384870524,0.57500704,-0.217475465,-0.391519648,-0.081488957,0.06278949,-0.260583324,-0.161677217,0.7395864,0.618238033,0.189484506,-0.070792612,0.619345198,0.318582897,0.090232112,-0.331450412,-0.344721213,-0.099579746,-0.193213341,-0.542337666,0.14764246,0.186862704,0.089251983,0.09362623,-0.00963264,0.019667693,0,2024,March,1,Hyderabad,25.396,68.3778,TXN000060
13/02/2023,Male,36 to 45,Lahore,Entertainment,Debit Card,Android,169.05,0.986063326,-0.202964587,-0.492768147,0.407691275,0.305660256,-0.230529179,0.570436073,-0.208224591,-0.247503448,-0.192253128,-0.628317496,0.430307933,0.66250496,0.371566359,0.64882516,-0.028501345,-0.307546103,-0.498849779,0.010738506,0.133050554,-0.228389811,-0.542337666,-0.077601526,-0.354567807,0.286881125,0.200346696,-0.070839373,0.027271219,1,2021,February,1,Lahore,31.5497,74.3436,TXN000061
17/11/2022,Other,20 to 25,Quetta,Retail,JazzCash,Android,96.94,1.138759336,-0.598558667,1.027204364,-0.330070103,-0.691597071,-0.242175406,-0.554075879,0.104510403,0.134628232,0.453923445,-0.762494196,-0.182695452,0.146080827,-0.42555867,0.64882516,-0.468068625,-0.079207821,0.500810166,-0.456322926,-0.211720762,-0.156198372,-0.030568777,-0.019723384,0.433752601,-0.02952146,0.240959462,-0.00861206,0.041563896,0,2024,November,4,Quetta,30.1798,66.975,TXN000062
20/12/2021,Other,20 to 25,Sialkot,Entertainment,EasyPaisa,Windows,34.13,1.145524387,0.575067968,0.19400846,0.74334129,-0.092210023,-0.768293609,0.531587593,-0.208622403,-0.643099337,0.453923445,-0.448937078,-0.405578517,-0.648539299,0.493149849,0.320294451,0.29540381,-0.287878455,-0.451452923,-0.456322926,-0.191049987,0.011106334,-0.1197031,-0.076509528,0.439525092,0.350714567,0.048741274,-0.053191942,0.016251499,0,2021,December,4,Sialkot,32.4927,74.5319,TXN000063
26/06/2022,Female,25 to 30,Islamabad,Travel,Debit Card,iOS,32.51,-0.249361328,0.399227373,0.068009334,-0.848648052,0.611892869,0.398528583,0.31644608,0.327345862,0.015140168,-0.269501562,-0.49512045,-0.16150583,-0.274214413,-0.276190768,-0.17240874,-0.118962106,-0.483743692,-0.14805164,0.458949356,0.107676349,-0.228389811,-0.542337666,-0.156668822,0.439525092,0.120617108,0.240959462,-0.070839373,-0.052959793,0,2022,June,2,Islamabad,33.6844,73.0479,TXN000064
19/03/2021,Female,20 to 25,Faisalabad,Travel,EasyPaisa,Windows,243.66,-0.522666281,0.803713183,0.276469595,0.74334129,-0.691597071,0.355242552,0.570436073,-0.208622403,-0.479812994,0.453923445,0.034330459,0.589225512,0.66250496,0.020510249,0.64882516,-0.468068625,0.246360059,-0.407537297,0.458949356,-0.013016021,0.172401477,0.528572126,0.069666273,0.157819741,-0.317145054,-0.302369335,0.09104512,0.07827879,0,2023,March,1,Faisalabad,31.4504,73.135,TXN000065
26/10/2021,Other,36 to 45,Lahore,Retail,Debit Card,Android,21.55,-0.899992449,0.136254782,1.027204364,-0.208996096,0.611892869,0.398528583,0.24142325,0.327345862,-0.05346625,-0.504170551,0.7395864,-0.23662919,-0.648539299,0.384573507,0.343832097,-0.468068625,0.399680439,-0.498849779,-0.456322926,-0.121725831,-0.081500218,-0.016925889,-0.147706273,-0.354567807,-0.024352091,0.240959462,-0.070839373,-0.052959793,1,2025,October,4,Lahore,31.5497,74.3436,TXN000066
17/11/2021,Other,31 to 35,Quetta,Entertainment,Debit Card,Android,59.9,-0.714764019,0.514968589,1.027204364,0.616433633,0.611892869,-0.111938137,0.570436073,-0.208622403,0.244756559,0.264554167,-0.762494196,-0.359860225,-0.163471395,-0.42555867,-0.367152827,-0.468068625,-0.483743692,-0.26056036,0.435251052,0.107321716,-0.220075388,-0.01784471,-0.161846345,-0.130458459,0.337158592,-0.326978677,-0.070839373,-0.052959793,0,2023,November,4,Quetta,30.1798,66.975,TXN000067
13/02/2022,Male,20 to 25,Quetta,Entertainment,Debit Card,Android,0.75,-0.920373384,0.24841362,1.027204364,0.74334129,0.145538802,-0.027352972,0.133701634,-0.208622403,-0.125243761,0.453923445,-0.53264784,-0.189877966,0.081222188,-0.42555867,0.08118723,-0.129784753,-0.174353463,-0.090290993,0.222434544,-0.056186326,-0.083646907,0.416090082,0.14764246,0.439525092,-0.317145054,-0.064230014,-0.070839373,-0.052959793,0,2021,February,1,Quetta,30.1798,66.975,TXN000068
22/01/2022,Other,25 to 30,Hyderabad,Retail,EasyPaisa,Android,45.71,0.927060249,-0.323683972,0.387584831,0.544473989,0.246787395,0.398528583,-0.427576017,0.327345862,0.226278275,-0.225495241,0.7395864,0.618238033,-0.479261671,0.314166276,0.214167231,-0.468068625,0.399680439,-0.498849779,-0.456322926,-0.185390375,-0.040513048,0.079359401,0.096631746,-0.354567807,0.085095829,0.240959462,0.036096421,-0.005960286,0,2024,January,1,Hyderabad,25.396,68.3778,TXN000069
30/03/2021,Other,36 to 45,Rawalpindi,Retail,Debit Card,Windows,35,-0.920373384,-0.598558667,1.027204364,0.74334129,0.417090785,-0.380013723,0.47213927,-0.208622403,-0.643099337,0.453923445,-0.517736958,-0.405578517,-0.400594745,-0.42555867,0.338009486,0.029924176,0.371150311,-0.498849779,0.458949356,-0.211720762,-0.228389811,-0.542337666,0.14764246,0.439525092,-0.317145054,0.240959462,-0.070839373,-0.052959793,1,2022,March,1,Rawalpindi,33.6007,73.0679,TXN000070
07/03/2022,Other,20 to 25,Sialkot,Entertainment,Credit Card,Windows,67.97,1.006588583,-0.071105357,0.34761371,0.74334129,-0.193239541,0.155418221,0.00857355,0.146537701,0.103844303,0.031830025,0.7395864,0.618238033,-0.648539299,0.380114785,-0.582888033,-0.468068625,0.043555876,-0.40528965,-0.092584544,-0.091366857,-0.020238687,-0.018880624,-0.120966187,0.027381789,0.350714567,-0.326978677,0.02136801,0.015080401,0,2024,March,1,Sialkot,32.4927,74.5319,TXN000071
18/07/2022,Other,36 to 45,Lahore,Retail,EasyPaisa,iOS,11.45,-0.378244635,0.732925473,-0.120154211,0.185755072,0.611892869,0.398528583,0.059087961,0.327345862,-0.412660865,0.006753688,-0.624666242,-0.115851958,-0.215037273,0.140449403,0.160265566,-0.468068625,-0.144355315,0.221557465,0.458949356,0.133050554,-0.107581845,-0.157139517,-0.161846345,0.439525092,0.145503367,-0.237619523,0.09104512,0.07827879,0,2025,July,3,Lahore,31.5497,74.3436,TXN000072
04/06/2021,Other,20 to 25,Faisalabad,Retail,UBL Omni,Windows,3.63,1.197838599,0.236827618,0.509605002,0.65765866,-0.365487847,-0.745101067,0.079497448,-0.130535519,-0.052263119,-0.110057898,0.307131475,0.618238033,0.437973609,0.269026235,0.64882516,-0.196922571,0.007703674,-0.498849779,-0.456322926,-0.120981428,-0.149875597,-0.374210668,0.145515986,0.414983921,0.212156011,0.18172425,-0.016402134,0.015994209,1,2022,June,2,Faisalabad,31.4504,73.135,TXN000073
07/07/2021,Male,36 to 45,Peshawar,Travel,UBL Omni,Windows,21.66,-0.580628965,0.482683933,1.027204364,-0.253080023,-0.02846894,-0.5191657,0.503249461,0.117773483,0.117112238,-0.420487539,0.449718914,-0.01786483,-0.648539299,0.321663489,-0.582888033,0.125194163,-0.404409452,0.097776857,-0.020531268,-0.211720762,-0.042142326,-0.148707276,0.001451165,0.302764487,-0.317145054,-0.015553924,-0.006307004,0.07827879,0,2023,July,3,Peshawar,34.0151,71.5249,TXN000074
15/06/2021,Male,Over 45,Faisalabad,Retail,UBL Omni,iOS,26.72,-0.920373384,0.803713183,0.979513977,0.74334129,-0.206402962,-0.199545668,0.570436073,0.064180353,0.597139031,0.453923445,-0.161964842,0.424213061,0.015944401,-0.405832818,0.271930433,-0.468068625,0.399680439,-0.498849779,0.458949356,0.133050554,-0.180722526,0.23513817,-0.091441571,0.417654474,0.122733846,-0.232985041,0.09104512,0.07827879,1,2021,June,2,Faisalabad,31.4504,73.135,TXN000075
11/09/2023,Male,20 to 25,Karachi,Retail,JazzCash,Android,13.18,1.098608346,0.202423564,0.525455972,0.74334129,-0.130486421,0.039924307,0.028379416,0.072841071,-0.097869352,0.019512995,0.7395864,0.618238033,0.506780523,0.125136665,-0.582888033,-0.468068625,0.044340267,-0.498849779,-0.161986891,-0.128040892,-0.024971678,0.15426426,-0.063146743,0.253205307,0.350714567,-0.326978677,0.040469338,0.01026375,0,2021,September,3,Karachi,24.8607,67.0011,TXN000076
11/01/2022,Male,31 to 35,Quetta,Entertainment,JazzCash,Windows,59.99,-0.549626145,0.418949154,1.027204364,0.203065374,-0.187012388,0.253877552,0.500893778,0.251255795,-0.227984855,-0.535425727,0.7395864,0.618238033,-0.569509884,0.008710073,-0.582888033,-0.468068625,0.225483729,-0.3521326,0.194946381,0.016970371,0.115062466,0.418528728,-0.065132788,0.264980785,0.00395822,0.240959462,0.027182102,0.043505756,0,2024,January,1,Quetta,30.1798,66.975,TXN000077
22/09/2022,Male,31 to 35,Faisalabad,Entertainment,Debit Card,Windows,135.51,0.92154368,-0.067083754,0.077461028,0.74334129,0.067412463,0.016152465,0.320451557,0.038534028,-0.391512665,0.031560245,0.7395864,0.618238033,0.106267712,0.493149849,0.442253558,0.122646355,-0.483743692,-0.498849779,-0.078081834,0.120050786,-0.228389811,-0.542337666,0.08431099,-0.354567807,0.155101565,-0.326978677,0.000909065,0.035546876,1,2023,September,3,Faisalabad,31.4504,73.135,TXN000078
07/03/2022,Male,20 to 25,Peshawar,Entertainment,Credit Card,iOS,9.79,-0.57152075,0.803713183,1.027204364,0.542780003,0.574438987,-0.259359266,0.570436073,-0.208622403,-0.179130181,0.453923445,0.7395864,0.159422388,-0.289860314,0.005804746,0.460440953,-0.221035265,-0.483743692,0.500810166,0.458949356,0.133050554,0.00355852,0.528572126,-0.161846345,0.001387389,-0.179529952,-0.326978677,0.071641454,-0.052959793,0,2021,March,1,Peshawar,34.0151,71.5249,TXN000079
28/11/2021,Other,25 to 30,Sialkot,Travel,Credit Card,Windows,14.8,-0.671708548,0.594502594,0.216415944,-0.848648052,0.611892869,0.398528583,0.563295075,0.327345862,-0.188766144,-0.404378292,-0.699710626,-0.184142609,-0.426813034,-0.183001108,-0.582888033,-0.037707579,-0.483743692,-0.00725732,-0.160432044,-0.002784334,-0.136440967,-0.300362026,-0.161846345,0.439525092,0.350714567,-0.326978677,-0.070839373,-0.052959793,0,2025,November,4,Sialkot,32.4927,74.5319,TXN000080
18/07/2023,Female,Over 45,Karachi,Entertainment,EasyPaisa,Windows,1.98,1.259873136,0.254239576,0.514788628,0.620924297,-0.475930099,-0.768293609,0.06641651,-0.208622403,0.035571565,-0.067615821,-0.204107264,0.402596691,0.376647694,0.227135013,0.64882516,0.299531715,-0.426046051,-0.498849779,-0.119898969,-0.088970094,-0.228389811,-0.542337666,0.135732381,0.381989866,0.219301892,0.094290693,-0.028686668,0.019197591,1,2024,July,3,Karachi,24.8607,67.0011,TXN000081
22/09/2023,Female,25 to 30,Multan,Travel,UBL Omni,iOS,6.67,1.147368927,0.059034645,0.263632341,0.74334129,-0.044095579,0.301066501,-0.132959856,0.227885136,0.252191237,0.083903938,0.645046451,0.413361748,-0.648539299,0.493149849,-0.582888033,-0.369716052,-0.03179924,-0.215342174,0.05501965,-0.211720762,-0.087813418,-0.110756407,-0.097770725,-0.323374178,0.350714567,-0.305327819,0.027394124,-0.000580465,0,2023,September,3,Multan,30.1575,71.5249,TXN000082
07/07/2021,Male,Over 45,Lahore,Travel,Credit Card,iOS,1.46,-0.920373384,0.803713183,1.027204364,-0.848648052,0.306326407,-0.768293609,0.570436073,-0.208622403,0.597139031,0.453923445,0.7395864,0.06685074,-0.353574309,-0.42555867,0.29222688,-0.30377384,-0.483743692,-0.435449716,-0.456322926,0.133050554,-0.228389811,-0.181268484,-0.161846345,0.439525092,0.136318432,0.240959462,-0.070839373,-0.052959793,0,2024,July,3,Lahore,31.5497,74.3436,TXN000083
26/06/2023,Male,25 to 30,Hyderabad,Travel,UBL Omni,iOS,89.17,-0.920373384,-0.598558667,1.027204364,-0.848648052,0.327567428,-0.174469283,0.570436073,-0.208622403,0.597139031,-0.078941761,0.7395864,0.4856193,-0.648539299,-0.42555867,0.141253041,-0.468068625,-0.483743692,0.500810166,-0.456322926,-0.211720762,-0.228389811,0.33461404,-0.161846345,-0.310185782,-0.302599494,-0.326978677,-0.070839373,-0.052959793,1,2021,June,2,Hyderabad,25.396,68.3778,TXN000084
24/02/2023,Other,Over 45,Sialkot,Travel,EasyPaisa,Android,7.53,1.202398328,0.321711387,0.281210894,0.643688582,-0.148668596,-0.589738667,0.04841255,-0.09336125,-0.042934036,-0.343245662,0.235106051,0.569881915,0.66250496,-0.351249746,0.64882516,0.164859782,0.246413935,-0.498849779,-0.456322926,-0.070750567,-0.228389811,-0.542337666,0.14764246,0.047061501,0.157049746,0.121934641,-0.004607898,0.029418109,0,2025,February,1,Sialkot,32.4927,74.5319,TXN000085
10/04/2021,Female,Over 45,Lahore,Retail,JazzCash,iOS,200.01,-0.920373384,-0.598558667,1.027204364,0.74334129,0.611892869,-0.491077708,-0.554075879,0.327345862,0.597139031,-0.535425727,0.384926577,0.618238033,-0.648539299,-0.42555867,-0.582888033,-0.213437533,-0.100221745,-0.406073073,-0.456322926,-0.211720762,-0.047365029,0.528572126,-0.161846345,-0.114861639,0.350714567,-0.304576466,0.09104512,-0.052959793,0,2025,April,2,Lahore,31.5497,74.3436,TXN000086
22/09/2022,Female,20 to 25,Peshawar,Entertainment,Credit Card,Windows,0.76,-0.77345,0.803713183,0.818253542,-0.236070161,0.611892869,-0.768293609,0.570436073,-0.007989,-0.643099337,-0.535425727,0.7395864,-0.291634168,-0.648539299,-0.42555867,-0.292983046,0.523284897,0.399680439,0.500810166,-0.456322926,-0.10085849,0.035361549,-0.116890316,-0.161846345,0.400155137,-0.026230684,0.165155684,0.0277618,0.07827879,1,2023,September,3,Peshawar,34.0151,71.5249,TXN000087
18/03/2023,Other,Over 45,Faisalabad,Travel,JazzCash,Windows,20.22,-0.847998366,0.803713183,1.027204364,0.74334129,0.021362103,0.336914104,0.398479743,0.317399166,-0.028657945,0.453923445,0.7395864,-0.071002868,-0.648539299,0.450006443,-0.263173073,-0.468068625,0.399680439,0.003771192,0.458949356,0.128621717,-0.024046106,0.215006397,-0.13198159,-0.007415627,-0.136578135,-0.242960778,0.09104512,0.07827879,0,2024,March,1,Faisalabad,31.4504,73.135,TXN000088
15/10/2021,Female,25 to 30,Multan,Entertainment,Credit Card,iOS,10.84,0.086996191,-0.051988742,-0.497882442,-0.848648052,0.611892869,0.398528583,0.470283271,0.265332803,0.597139031,-0.535425727,0.208724949,0.017130649,-0.110866964,-0.04267687,0.64882516,-0.392648023,-0.483743692,0.183946189,0.458949356,0.133050554,-0.228389811,-0.437342144,0.018425768,0.439525092,-0.258926559,-0.293189253,-0.070839373,-0.052959793,0,2025,October,4,Multan,30.1575,71.5249,TXN000089
14/10/2022,Female,31 to 35,Multan,Travel,Debit Card,iOS,1142.02,-0.773292609,-0.598558667,-0.890364838,0.027093684,-0.691597071,0.398528583,0.570436073,-0.208622403,-0.643099337,0.017275794,-0.617560332,-0.197503535,0.66250496,-0.259878797,0.64882516,0.523284897,0.120540186,-0.498849779,-0.005069791,0.133050554,0.186377204,0.026122575,-0.161846345,-0.354567807,0.098386262,-0.209149914,-0.070839373,0.07827879,1,2023,October,4,Multan,30.1575,71.5249,TXN000090
20/08/2022,Male,25 to 30,Peshawar,Travel,Credit Card,iOS,149.9,0.921024019,-0.162446861,-0.094331367,0.474083926,-0.021485961,-0.397506307,0.482642979,-0.117495975,-0.577836031,-0.018607137,0.7395864,0.618238033,0.66250496,0.493149849,0.249734698,-0.084367221,-0.25970728,-0.498849779,-0.010373942,0.133050554,-0.209381106,-0.542337666,0.028509911,0.032682009,0.155130495,0.13325047,-0.070839373,0.022349145,0,2024,August,3,Peshawar,34.0151,71.5249,TXN000091
11/01/2022,Male,Over 45,Multan,Retail,Debit Card,Windows,89.4,1.069141385,0.043785925,0.309867291,0.74334129,-0.462393624,-0.768293609,0.207903691,-0.191269942,0.056397899,0.041567455,-0.507358125,-0.10866622,-0.473257348,0.45204589,0.64882516,0.185441398,-0.439975752,0.012539148,-0.456322926,-0.001998251,0.11577545,0.164781092,-0.161846345,0.39189057,0.350714567,-0.288376428,-0.001311834,0.035811519,0,2022,January,1,Multan,30.1575,71.5249,TXN000092
23/05/2023,Male,20 to 25,Faisalabad,Entertainment,JazzCash,iOS,26.72,1.107029377,0.216441,0.53837815,0.74334129,-0.25194192,-0.340679707,0.154091745,-0.086502546,0.144420201,-0.157374628,-0.107560298,0.618238033,0.620788367,-0.070889338,-0.203857983,-0.468068625,0.336478014,-0.498849779,-0.456322926,-0.111852536,-0.06003745,0.059884123,-0.047526366,0.439525092,0.350714567,-0.326978677,0.042108484,0.02426471,1,2025,May,2,Faisalabad,31.4504,73.135,TXN000093
13/02/2022,Female,31 to 35,Multan,Retail,Credit Card,Windows,5.99,-0.920373384,0.803713183,1.027204364,-0.170445303,-0.302319739,-0.142255768,0.223431774,0.28904341,0.094140891,-0.157858733,-0.386373549,-0.405578517,-0.648539299,0.098433875,0.64882516,0.168577702,-0.148826411,-0.28592721,-0.456322926,0.133050554,-0.098000008,-0.170245844,-0.137227527,0.055228279,0.079347554,0.240959462,0.09104512,0.07827879,0,2024,February,1,Multan,30.1575,71.5249,TXN000094
07/03/2022,Other,36 to 45,Karachi,Entertainment,UBL Omni,iOS,34.7,1.212510891,-0.099054296,-0.890364838,0.286323562,0.611892869,0.398528583,-0.404206898,0.327345862,0.169360421,-0.030522177,-0.541957258,0.237212015,-0.218129649,0.197436521,-0.147850246,-0.097830142,-0.483743692,-0.070939281,0.355170584,0.01477744,-0.167496337,-0.49469457,-0.149785451,0.439525092,0.350714567,-0.326978677,0.020370146,0.017037086,0,2025,March,1,Karachi,24.8607,67.0011,TXN000095
08/03/2021,Female,31 to 35,Karachi,Retail,EasyPaisa,Windows,54.99,-0.658304934,0.406790567,1.027204364,-0.291297974,0.147909809,-0.350857292,0.570436073,-0.172560017,0.025133398,-0.535425727,-0.196289802,0.618238033,0.374025172,-0.42555867,-0.582888033,-0.468068625,0.003880895,-0.498849779,-0.456322926,0.064132874,-0.156095761,-0.238804965,0.089877177,0.421195367,-0.317145054,0.074782742,-0.070839373,-0.052959793,1,2025,March,1,Karachi,24.8607,67.0011,TXN000096
24/02/2023,Female,20 to 25,Hyderabad,Entertainment,Credit Card,Windows,7.55,0.959601659,0.370711305,0.88861337,0.74334129,0.352490841,0.398528583,-0.27777073,0.327345862,-0.643099337,0.453923445,0.7395864,0.373531003,-0.223918286,0.417438142,0.64882516,-0.468068625,0.399680439,-0.498849779,-0.456322926,-0.211720762,-0.155547161,-0.403239316,0.14764246,-0.354567807,-0.19871797,-0.220267916,0.068546196,0.020797315,0,2022,February,1,Hyderabad,25.396,68.3778,TXN000097
12/05/2023,Male,20 to 25,Sialkot,Entertainment,JazzCash,iOS,19.85,-0.653444627,0.160225077,1.027204364,0.74334129,0.611892869,-0.343000302,0.469936931,-0.132470082,-0.197794077,-0.105005538,-0.543662211,0.302233023,0.141211079,-0.207880444,0.0241084,-0.468068625,0.394836382,-0.498849779,0.440558481,0.133050554,0.038362968,0.336449012,-0.014882833,0.10295901,-0.26532206,-0.326978677,0.011238449,-0.04947834,1,2022,May,2,Sialkot,32.4927,74.5319,TXN000098
07/07/2022,Other,20 to 25,Peshawar,Entertainment,UBL Omni,iOS,28.28,-0.920373384,0.803713183,1.027204364,0.74334129,-0.609098389,0.258495001,-0.012188613,0.102136035,-0.286163597,0.453923445,-0.550295669,-0.106845989,0.208014288,-0.42555867,0.507763583,-0.260264023,0.246631324,0.008855504,0.458949356,-0.028351935,-0.140047358,0.355044184,0.14764246,0.439525092,-0.219366046,0.118926551,-0.070839373,-0.052959793,1,2025,July,3,Peshawar,34.0151,71.5249,TXN000099
03/02/2021,Female,25 to 30,Multan,Entertainment,EasyPaisa,Windows,15.99,1.232996465,0.189453734,0.491040321,0.633672661,-0.511574424,-0.768293609,0.066240478,-0.196940299,0.075920961,-0.066059896,-0.255743257,0.255156785,0.105247333,0.284676541,0.64882516,0.315890891,-0.411940026,-0.498849779,-0.120427106,-0.077870574,-0.228389811,-0.542337666,0.125997505,0.36962737,0.205597702,0.094061594,-0.033137975,0.020990394,1,2022,February,1,Multan,30.1575,71.5249,TXN000100
